from_domain,from_table,from_column,to_domain,to_table,to_column,business_label
Operazioni sul campo,activity_approval,operator_activity_id,Operazioni sul campo,operator_activity,id,activity_approval.operator_activity_id collega a operator_activity (operator_activity)
Operazioni sul campo,activity_approval,reviewer_user_id,Accessi e permessi,application_users,id,activity_approval.reviewer_user_id collega a application_users (reviewer_user)
Utenze e anagrafiche,ana_audit_log,changed_by_user_id,Accessi e permessi,application_users,id,ana_audit_log.changed_by_user_id collega a application_users (changed_by_user)
Utenze e anagrafiche,ana_audit_log,subject_id,Utenze e anagrafiche,ana_subjects,id,ana_audit_log.subject_id collega a ana_subjects (subject)
Utenze e anagrafiche,ana_companies,subject_id,Utenze e anagrafiche,ana_subjects,id,ana_companies.subject_id collega a ana_subjects (subject)
Utenze e anagrafiche,ana_documents,subject_id,Utenze e anagrafiche,ana_subjects,id,ana_documents.subject_id collega a ana_subjects (subject)
Utenze e anagrafiche,ana_import_job_items,job_id,Utenze e anagrafiche,ana_import_jobs,id,ana_import_job_items.job_id collega a ana_import_jobs (job)
Utenze e anagrafiche,ana_import_job_items,subject_id,Utenze e anagrafiche,ana_subjects,id,ana_import_job_items.subject_id collega a ana_subjects (subject)
Utenze e anagrafiche,ana_import_jobs,requested_by_user_id,Accessi e permessi,application_users,id,ana_import_jobs.requested_by_user_id collega a application_users (requested_by_user)
Utenze e anagrafiche,ana_payment_notices,subject_id,Utenze e anagrafiche,ana_subjects,id,ana_payment_notices.subject_id collega a ana_subjects (subject)
Utenze e anagrafiche,ana_person_snapshots,subject_id,Utenze e anagrafiche,ana_subjects,id,ana_person_snapshots.subject_id collega a ana_subjects (subject)
Utenze e anagrafiche,ana_persons,subject_id,Utenze e anagrafiche,ana_subjects,id,ana_persons.subject_id collega a ana_subjects (subject)
Utenze e anagrafiche,ana_xlsx_import_batches,requested_by_user_id,Accessi e permessi,application_users,id,ana_xlsx_import_batches.requested_by_user_id collega a application_users (requested_by_user)
Utenze e anagrafiche,anpr_check_log,subject_id,Utenze e anagrafiche,ana_subjects,id,anpr_check_log.subject_id collega a ana_subjects (subject)
Utenze e anagrafiche,anpr_sync_config,updated_by_user_id,Accessi e permessi,application_users,id,anpr_sync_config.updated_by_user_id collega a application_users (updated_by_user)
Operazioni sul campo,attachment,uploaded_by_user_id,Accessi e permessi,application_users,id,attachment.uploaded_by_user_id collega a application_users (uploaded_by_user)
Utenze e anagrafiche,bonifica_user_staging,matched_subject_id,Utenze e anagrafiche,ana_subjects,id,bonifica_user_staging.matched_subject_id collega a ana_subjects (matched_subject)
Utenze e anagrafiche,bonifica_user_staging,reviewed_by,Accessi e permessi,application_users,id,bonifica_user_staging.reviewed_by collega a application_users (reviewed_by)
Catasto e GIS catastale,capacitas_anagrafica_history_import_jobs,credential_id,Catasto e GIS catastale,capacitas_credentials,id,capacitas_anagrafica_history_import_jobs.credential_id collega a capacitas_credentials (credential)
Catasto e GIS catastale,capacitas_anagrafica_history_import_jobs,requested_by_user_id,Accessi e permessi,application_users,id,capacitas_anagrafica_history_import_jobs.requested_by_user_id collega a application_users (requested_by_user)
Catasto e GIS catastale,capacitas_incass_sync_jobs,credential_id,Catasto e GIS catastale,capacitas_credentials,id,capacitas_incass_sync_jobs.credential_id collega a capacitas_credentials (credential)
Catasto e GIS catastale,capacitas_incass_sync_jobs,requested_by_user_id,Accessi e permessi,application_users,id,capacitas_incass_sync_jobs.requested_by_user_id collega a application_users (requested_by_user)
Catasto e GIS catastale,capacitas_particelle_sync_jobs,credential_id,Catasto e GIS catastale,capacitas_credentials,id,capacitas_particelle_sync_jobs.credential_id collega a capacitas_credentials (credential)
Catasto e GIS catastale,capacitas_particelle_sync_jobs,requested_by_user_id,Accessi e permessi,application_users,id,capacitas_particelle_sync_jobs.requested_by_user_id collega a application_users (requested_by_user)
Catasto e GIS catastale,capacitas_terreni_sync_jobs,credential_id,Catasto e GIS catastale,capacitas_credentials,id,capacitas_terreni_sync_jobs.credential_id collega a capacitas_credentials (credential)
Catasto e GIS catastale,capacitas_terreni_sync_jobs,requested_by_user_id,Accessi e permessi,application_users,id,capacitas_terreni_sync_jobs.requested_by_user_id collega a application_users (requested_by_user)
Catasto e GIS catastale,cat_ade_alignment_audit_changes,audit_run_id,Catasto e GIS catastale,cat_ade_alignment_audit_runs,id,cat_ade_alignment_audit_changes.audit_run_id collega a cat_ade_alignment_audit_runs (audit_run)
Catasto e GIS catastale,cat_ade_alignment_audit_changes,comune_id,Catasto e GIS catastale,cat_comuni,id,cat_ade_alignment_audit_changes.comune_id collega a cat_comuni (comune)
Catasto e GIS catastale,cat_ade_alignment_audit_changes,particella_id,Catasto e GIS catastale,cat_particelle,id,cat_ade_alignment_audit_changes.particella_id collega a cat_particelle (particella)
Catasto e GIS catastale,cat_ade_alignment_audit_runs,ade_run_id,Catasto e GIS catastale,cat_ade_sync_runs,id,cat_ade_alignment_audit_runs.ade_run_id collega a cat_ade_sync_runs (ade_run)
Catasto e GIS catastale,cat_ade_alignment_audit_runs,triggered_by_user_id,Accessi e permessi,application_users,id,cat_ade_alignment_audit_runs.triggered_by_user_id collega a application_users (triggered_by_user)
Catasto e GIS catastale,cat_ade_particelle,source_run_id,Catasto e GIS catastale,cat_ade_sync_runs,id,cat_ade_particelle.source_run_id collega a cat_ade_sync_runs (source_run)
Catasto e GIS catastale,cat_ade_sync_runs,created_by,Accessi e permessi,application_users,id,cat_ade_sync_runs.created_by collega a application_users (created_by)
Catasto e GIS catastale,cat_aliquote,schema_id,Catasto e GIS catastale,cat_schemi_contributo,id,cat_aliquote.schema_id collega a cat_schemi_contributo (schema)
Catasto e GIS catastale,cat_anomalie,assigned_to,Accessi e permessi,application_users,id,cat_anomalie.assigned_to collega a application_users (assigned_to)
Catasto e GIS catastale,cat_anomalie,particella_id,Catasto e GIS catastale,cat_particelle,id,cat_anomalie.particella_id collega a cat_particelle (particella)
Catasto e GIS catastale,cat_anomalie,utenza_id,Catasto e GIS catastale,cat_utenze_irrigue,id,cat_anomalie.utenza_id collega a cat_utenze_irrigue (utenza)
Catasto e GIS catastale,cat_capacitas_grid_rows,occupancy_id,Catasto e GIS catastale,cat_consorzio_occupancies,id,cat_capacitas_grid_rows.occupancy_id collega a cat_consorzio_occupancies (occupancy)
Catasto e GIS catastale,cat_capacitas_grid_rows,snapshot_id,Catasto e GIS catastale,cat_capacitas_grid_snapshots,id,cat_capacitas_grid_rows.snapshot_id collega a cat_capacitas_grid_snapshots (snapshot)
Catasto e GIS catastale,cat_capacitas_grid_rows,unit_id,Catasto e GIS catastale,cat_consorzio_units,id,cat_capacitas_grid_rows.unit_id collega a cat_consorzio_units (unit)
Catasto e GIS catastale,cat_capacitas_intestatari,certificato_id,Catasto e GIS catastale,cat_capacitas_certificati,id,cat_capacitas_intestatari.certificato_id collega a cat_capacitas_certificati (certificato)
Catasto e GIS catastale,cat_capacitas_intestatari,subject_id,Utenze e anagrafiche,ana_subjects,id,cat_capacitas_intestatari.subject_id collega a ana_subjects (subject)
Catasto e GIS catastale,cat_capacitas_terreni_rows,unit_id,Catasto e GIS catastale,cat_consorzio_units,id,cat_capacitas_terreni_rows.unit_id collega a cat_consorzio_units (unit)
Catasto e GIS catastale,cat_capacitas_terreno_details,terreno_row_id,Catasto e GIS catastale,cat_capacitas_terreni_rows,id,cat_capacitas_terreno_details.terreno_row_id collega a cat_capacitas_terreni_rows (terreno_row)
Catasto e GIS catastale,cat_consorzio_occupancies,segment_id,Catasto e GIS catastale,cat_consorzio_unit_segments,id,cat_consorzio_occupancies.segment_id collega a cat_consorzio_unit_segments (segment)
Catasto e GIS catastale,cat_consorzio_occupancies,subject_id,Utenze e anagrafiche,ana_subjects,id,cat_consorzio_occupancies.subject_id collega a ana_subjects (subject)
Catasto e GIS catastale,cat_consorzio_occupancies,unit_id,Catasto e GIS catastale,cat_consorzio_units,id,cat_consorzio_occupancies.unit_id collega a cat_consorzio_units (unit)
Catasto e GIS catastale,cat_consorzio_occupancies,utenza_id,Catasto e GIS catastale,cat_utenze_irrigue,id,cat_consorzio_occupancies.utenza_id collega a cat_utenze_irrigue (utenza)
Catasto e GIS catastale,cat_consorzio_unit_segments,unit_id,Catasto e GIS catastale,cat_consorzio_units,id,cat_consorzio_unit_segments.unit_id collega a cat_consorzio_units (unit)
Catasto e GIS catastale,cat_consorzio_units,comune_id,Catasto e GIS catastale,cat_comuni,id,cat_consorzio_units.comune_id collega a cat_comuni (comune)
Catasto e GIS catastale,cat_consorzio_units,particella_id,Catasto e GIS catastale,cat_particelle,id,cat_consorzio_units.particella_id collega a cat_particelle (particella)
Catasto e GIS catastale,cat_consorzio_units,source_comune_id,Catasto e GIS catastale,cat_comuni,id,cat_consorzio_units.source_comune_id collega a cat_comuni (source_comune)
Catasto e GIS catastale,cat_distretti_geometry_versions,distretto_id,Catasto e GIS catastale,cat_distretti,id,cat_distretti_geometry_versions.distretto_id collega a cat_distretti (distretto)
Catasto e GIS catastale,cat_distretti_geometry_versions,source_batch_id,Catasto e GIS catastale,cat_import_batches,id,cat_distretti_geometry_versions.source_batch_id collega a cat_import_batches (source_batch)
Catasto e GIS catastale,cat_distretto_coefficienti,distretto_id,Catasto e GIS catastale,cat_distretti,id,cat_distretto_coefficienti.distretto_id collega a cat_distretti (distretto)
Catasto e GIS catastale,cat_gis_saved_selection_items,particella_id,Catasto e GIS catastale,cat_particelle,id,cat_gis_saved_selection_items.particella_id collega a cat_particelle (particella)
Catasto e GIS catastale,cat_gis_saved_selection_items,selection_id,Catasto e GIS catastale,cat_gis_saved_selections,id,cat_gis_saved_selection_items.selection_id collega a cat_gis_saved_selections (selection)
Catasto e GIS catastale,cat_gis_saved_selections,created_by,Accessi e permessi,application_users,id,cat_gis_saved_selections.created_by collega a application_users (created_by)
Catasto e GIS catastale,cat_import_batches,created_by,Accessi e permessi,application_users,id,cat_import_batches.created_by collega a application_users (created_by)
Catasto e GIS catastale,cat_particelle,comune_id,Catasto e GIS catastale,cat_comuni,id,cat_particelle.comune_id collega a cat_comuni (comune)
Catasto e GIS catastale,cat_particelle_gis_flags,particella_id,Catasto e GIS catastale,cat_particelle,id,cat_particelle_gis_flags.particella_id collega a cat_particelle (particella)
Catasto e GIS catastale,cat_particelle_history,comune_id,Catasto e GIS catastale,cat_comuni,id,cat_particelle_history.comune_id collega a cat_comuni (comune)
Catasto e GIS catastale,cat_utenza_intestatari,subject_id,Utenze e anagrafiche,ana_subjects,id,cat_utenza_intestatari.subject_id collega a ana_subjects (subject)
Catasto e GIS catastale,cat_utenza_intestatari,utenza_id,Catasto e GIS catastale,cat_utenze_irrigue,id,cat_utenza_intestatari.utenza_id collega a cat_utenze_irrigue (utenza)
Catasto e GIS catastale,cat_utenze_irrigue,comune_id,Catasto e GIS catastale,cat_comuni,id,cat_utenze_irrigue.comune_id collega a cat_comuni (comune)
Catasto e GIS catastale,cat_utenze_irrigue,import_batch_id,Catasto e GIS catastale,cat_import_batches,id,cat_utenze_irrigue.import_batch_id collega a cat_import_batches (import_batch)
Catasto e GIS catastale,cat_utenze_irrigue,particella_id,Catasto e GIS catastale,cat_particelle,id,cat_utenze_irrigue.particella_id collega a cat_particelle (particella)
Catasto e GIS catastale,catasto_batches,credential_id,Catasto e GIS catastale,catasto_credentials,id,catasto_batches.credential_id collega a catasto_credentials (credential)
Catasto e GIS catastale,catasto_batches,user_id,Accessi e permessi,application_users,id,catasto_batches.user_id collega a application_users (user)
Catasto e GIS catastale,catasto_captcha_log,request_id,Catasto e GIS catastale,catasto_visure_requests,id,catasto_captcha_log.request_id collega a catasto_visure_requests (request)
Catasto e GIS catastale,catasto_connection_tests,credential_id,Catasto e GIS catastale,catasto_credentials,id,catasto_connection_tests.credential_id collega a catasto_credentials (credential)
Catasto e GIS catastale,catasto_connection_tests,user_id,Accessi e permessi,application_users,id,catasto_connection_tests.user_id collega a application_users (user)
Catasto e GIS catastale,catasto_credentials,user_id,Accessi e permessi,application_users,id,catasto_credentials.user_id collega a application_users (user)
Catasto e GIS catastale,catasto_documents,user_id,Accessi e permessi,application_users,id,catasto_documents.user_id collega a application_users (user)
Catasto e GIS catastale,catasto_elaborazioni_massive_jobs,user_id,Accessi e permessi,application_users,id,catasto_elaborazioni_massive_jobs.user_id collega a application_users (user)
Catasto e GIS catastale,catasto_meter_reading_delivery_point_mappings,created_by,Accessi e permessi,application_users,id,catasto_meter_reading_delivery_point_mappings.created_by collega a application_users (created_by)
Catasto e GIS catastale,catasto_meter_reading_delivery_point_mappings,delivery_point_id,Catasto e GIS catastale,cat_delivery_points,id,catasto_meter_reading_delivery_point_mappings.delivery_point_id collega a cat_delivery_points (delivery_point)
Catasto e GIS catastale,catasto_meter_reading_delivery_point_mappings,updated_by,Accessi e permessi,application_users,id,catasto_meter_reading_delivery_point_mappings.updated_by collega a application_users (updated_by)
Catasto e GIS catastale,catasto_meter_reading_imports,distretto_id,Catasto e GIS catastale,cat_distretti,id,catasto_meter_reading_imports.distretto_id collega a cat_distretti (distretto)
Catasto e GIS catastale,catasto_meter_reading_imports,uploaded_by,Accessi e permessi,application_users,id,catasto_meter_reading_imports.uploaded_by collega a application_users (uploaded_by)
Catasto e GIS catastale,catasto_meter_reading_manual_audits,changed_by,Accessi e permessi,application_users,id,catasto_meter_reading_manual_audits.changed_by collega a application_users (changed_by)
Catasto e GIS catastale,catasto_meter_reading_manual_audits,meter_reading_id,Catasto e GIS catastale,catasto_meter_readings,id,catasto_meter_reading_manual_audits.meter_reading_id collega a catasto_meter_readings (meter_reading)
Catasto e GIS catastale,catasto_meter_readings,delivery_point_id,Catasto e GIS catastale,cat_delivery_points,id,catasto_meter_readings.delivery_point_id collega a cat_delivery_points (delivery_point)
Catasto e GIS catastale,catasto_meter_readings,distretto_id,Catasto e GIS catastale,cat_distretti,id,catasto_meter_readings.distretto_id collega a cat_distretti (distretto)
Catasto e GIS catastale,catasto_meter_readings,import_id,Catasto e GIS catastale,catasto_meter_reading_imports,id,catasto_meter_readings.import_id collega a catasto_meter_reading_imports (import)
Catasto e GIS catastale,catasto_meter_readings,manual_override_updated_by,Accessi e permessi,application_users,id,catasto_meter_readings.manual_override_updated_by collega a application_users (manual_override_updated_by)
Catasto e GIS catastale,catasto_meter_readings,subject_id,Utenze e anagrafiche,ana_subjects,id,catasto_meter_readings.subject_id collega a ana_subjects (subject)
Catasto e GIS catastale,catasto_ruolo_autosync_config,credential_id,Catasto e GIS catastale,catasto_credentials,id,catasto_ruolo_autosync_config.credential_id collega a catasto_credentials (credential)
Catasto e GIS catastale,catasto_ruolo_autosync_config,updated_by_user_id,Accessi e permessi,application_users,id,catasto_ruolo_autosync_config.updated_by_user_id collega a application_users (updated_by_user)
Catasto e GIS catastale,catasto_ruolo_autosync_config,user_id,Accessi e permessi,application_users,id,catasto_ruolo_autosync_config.user_id collega a application_users (user)
Catasto e GIS catastale,catasto_ruolo_autosync_items,linked_batch_id,Catasto e GIS catastale,catasto_batches,id,catasto_ruolo_autosync_items.linked_batch_id collega a catasto_batches (linked_batch)
Catasto e GIS catastale,catasto_ruolo_autosync_items,linked_request_id,Catasto e GIS catastale,catasto_visure_requests,id,catasto_ruolo_autosync_items.linked_request_id collega a catasto_visure_requests (linked_request)
Catasto e GIS catastale,catasto_ruolo_autosync_items,ruolo_particella_id,Ruolo e incassi,ruolo_particelle,id,catasto_ruolo_autosync_items.ruolo_particella_id collega a ruolo_particelle (ruolo_particella)
Catasto e GIS catastale,catasto_ruolo_autosync_items,user_id,Accessi e permessi,application_users,id,catasto_ruolo_autosync_items.user_id collega a application_users (user)
Catasto e GIS catastale,catasto_visure_requests,batch_id,Catasto e GIS catastale,catasto_batches,id,catasto_visure_requests.batch_id collega a catasto_batches (batch)
Catasto e GIS catastale,catasto_visure_requests,document_id,Catasto e GIS catastale,catasto_documents,id,catasto_visure_requests.document_id collega a catasto_documents (document)
Catasto e GIS catastale,catasto_visure_requests,user_id,Accessi e permessi,application_users,id,catasto_visure_requests.user_id collega a application_users (user)
Rete e dispositivi,device_inventory_links,device_id,Rete e dispositivi,network_devices,id,device_inventory_links.device_id collega a network_devices (device)
Rete e dispositivi,device_positions,device_id,Rete e dispositivi,network_devices,id,device_positions.device_id collega a network_devices (device)
Rete e dispositivi,device_positions,floor_plan_id,Rete e dispositivi,floor_plans,id,device_positions.floor_plan_id collega a floor_plans (floor_plan)
Accessi e permessi,effective_permissions,nas_user_id,Accessi e permessi,nas_users,id,effective_permissions.nas_user_id collega a nas_users (nas_user)
Accessi e permessi,effective_permissions,share_id,Sincronizzazioni e audit,shares,id,effective_permissions.share_id collega a shares (share)
Accessi e permessi,effective_permissions,snapshot_id,Sincronizzazioni e audit,snapshots,id,effective_permissions.snapshot_id collega a snapshots (snapshot)
Sincronizzazioni e audit,elaborazione_auto_job_configs,updated_by_user_id,Accessi e permessi,application_users,id,elaborazione_auto_job_configs.updated_by_user_id collega a application_users (updated_by_user)
Operazioni sul campo,field_report,category_id,Operazioni sul campo,field_report_category,id,field_report.category_id collega a field_report_category (category)
Operazioni sul campo,field_report,created_by_user_id,Accessi e permessi,application_users,id,field_report.created_by_user_id collega a application_users (created_by_user)
Operazioni sul campo,field_report,operator_activity_id,Operazioni sul campo,operator_activity,id,field_report.operator_activity_id collega a operator_activity (operator_activity)
Operazioni sul campo,field_report,reporter_user_id,Accessi e permessi,application_users,id,field_report.reporter_user_id collega a application_users (reporter_user)
Operazioni sul campo,field_report,severity_id,Operazioni sul campo,field_report_severity,id,field_report.severity_id collega a field_report_severity (severity)
Operazioni sul campo,field_report,team_id,Operazioni sul campo,team,id,field_report.team_id collega a team (team)
Operazioni sul campo,field_report,updated_by_user_id,Accessi e permessi,application_users,id,field_report.updated_by_user_id collega a application_users (updated_by_user)
Operazioni sul campo,field_report,vehicle_id,Operazioni sul campo,vehicle,id,field_report.vehicle_id collega a vehicle (vehicle)
Operazioni sul campo,field_report_attachment,attachment_id,Operazioni sul campo,attachment,id,field_report_attachment.attachment_id collega a attachment (attachment)
Operazioni sul campo,field_report_attachment,field_report_id,Operazioni sul campo,field_report,id,field_report_attachment.field_report_id collega a field_report (field_report)
Operazioni sul campo,fleet_unresolved_transaction,created_by_user_id,Accessi e permessi,application_users,id,fleet_unresolved_transaction.created_by_user_id collega a application_users (created_by_user)
Operazioni sul campo,fleet_unresolved_transaction,resolved_by_user_id,Accessi e permessi,application_users,id,fleet_unresolved_transaction.resolved_by_user_id collega a application_users (resolved_by_user)
Operazioni sul campo,fleet_unresolved_transaction,resolved_vehicle_id,Operazioni sul campo,vehicle,id,fleet_unresolved_transaction.resolved_vehicle_id collega a vehicle (resolved_vehicle)
Operazioni sul campo,fuel_card,current_wc_operator_id,Operazioni sul campo,wc_operator,id,fuel_card.current_wc_operator_id collega a wc_operator (current_wc_operator)
Operazioni sul campo,fuel_card,ignored_by_user_id,Accessi e permessi,application_users,id,fuel_card.ignored_by_user_id collega a application_users (ignored_by_user)
Operazioni sul campo,fuel_card_assignment_history,changed_by_user_id,Accessi e permessi,application_users,id,fuel_card_assignment_history.changed_by_user_id collega a application_users (changed_by_user)
Operazioni sul campo,fuel_card_assignment_history,fuel_card_id,Operazioni sul campo,fuel_card,id,fuel_card_assignment_history.fuel_card_id collega a fuel_card (fuel_card)
Operazioni sul campo,fuel_card_assignment_history,wc_operator_id,Operazioni sul campo,wc_operator,id,fuel_card_assignment_history.wc_operator_id collega a wc_operator (wc_operator)
Piattaforma GIS,gis_annotations,created_by_user_id,Accessi e permessi,application_users,id,gis_annotations.created_by_user_id collega a application_users (created_by_user)
Piattaforma GIS,gis_annotations,layer_id,Piattaforma GIS,gis_layers,id,gis_annotations.layer_id collega a gis_layers (layer)
Piattaforma GIS,gis_audit_logs,actor_user_id,Accessi e permessi,application_users,id,gis_audit_logs.actor_user_id collega a application_users (actor_user)
Piattaforma GIS,gis_audit_logs,layer_id,Piattaforma GIS,gis_layers,id,gis_audit_logs.layer_id collega a gis_layers (layer)
Piattaforma GIS,gis_change_requests,layer_id,Piattaforma GIS,gis_layers,id,gis_change_requests.layer_id collega a gis_layers (layer)
Piattaforma GIS,gis_change_requests,requested_by_user_id,Accessi e permessi,application_users,id,gis_change_requests.requested_by_user_id collega a application_users (requested_by_user)
Piattaforma GIS,gis_change_requests,reviewed_by_user_id,Accessi e permessi,application_users,id,gis_change_requests.reviewed_by_user_id collega a application_users (reviewed_by_user)
Piattaforma GIS,gis_layer_exports,layer_id,Piattaforma GIS,gis_layers,id,gis_layer_exports.layer_id collega a gis_layers (layer)
Piattaforma GIS,gis_layer_exports,requested_by_user_id,Accessi e permessi,application_users,id,gis_layer_exports.requested_by_user_id collega a application_users (requested_by_user)
Piattaforma GIS,gis_layer_permissions,granted_by_user_id,Accessi e permessi,application_users,id,gis_layer_permissions.granted_by_user_id collega a application_users (granted_by_user)
Piattaforma GIS,gis_layer_permissions,layer_id,Piattaforma GIS,gis_layers,id,gis_layer_permissions.layer_id collega a gis_layers (layer)
Piattaforma GIS,gis_layer_permissions,user_id,Accessi e permessi,application_users,id,gis_layer_permissions.user_id collega a application_users (user)
Piattaforma GIS,gis_layers,created_by_user_id,Accessi e permessi,application_users,id,gis_layers.created_by_user_id collega a application_users (created_by_user)
Piattaforma GIS,gis_layers,updated_by_user_id,Accessi e permessi,application_users,id,gis_layers.updated_by_user_id collega a application_users (updated_by_user)
Piattaforma GIS,gis_shapefile_imports,published_layer_id,Piattaforma GIS,gis_layers,id,gis_shapefile_imports.published_layer_id collega a gis_layers (published_layer)
Piattaforma GIS,gis_shapefile_imports,uploaded_by_user_id,Accessi e permessi,application_users,id,gis_shapefile_imports.uploaded_by_user_id collega a application_users (uploaded_by_user)
Operazioni sul campo,internal_case,assigned_team_id,Operazioni sul campo,team,id,internal_case.assigned_team_id collega a team (assigned_team)
Operazioni sul campo,internal_case,assigned_to_user_id,Accessi e permessi,application_users,id,internal_case.assigned_to_user_id collega a application_users (assigned_to_user)
Operazioni sul campo,internal_case,category_id,Operazioni sul campo,field_report_category,id,internal_case.category_id collega a field_report_category (category)
Operazioni sul campo,internal_case,closed_by_user_id,Accessi e permessi,application_users,id,internal_case.closed_by_user_id collega a application_users (closed_by_user)
Operazioni sul campo,internal_case,created_by_user_id,Accessi e permessi,application_users,id,internal_case.created_by_user_id collega a application_users (created_by_user)
Operazioni sul campo,internal_case,severity_id,Operazioni sul campo,field_report_severity,id,internal_case.severity_id collega a field_report_severity (severity)
Operazioni sul campo,internal_case,source_report_id,Operazioni sul campo,field_report,id,internal_case.source_report_id collega a field_report (source_report)
Operazioni sul campo,internal_case,updated_by_user_id,Accessi e permessi,application_users,id,internal_case.updated_by_user_id collega a application_users (updated_by_user)
Operazioni sul campo,internal_case_assignment_history,assigned_by_user_id,Accessi e permessi,application_users,id,internal_case_assignment_history.assigned_by_user_id collega a application_users (assigned_by_user)
Operazioni sul campo,internal_case_assignment_history,assigned_team_id,Operazioni sul campo,team,id,internal_case_assignment_history.assigned_team_id collega a team (assigned_team)
Operazioni sul campo,internal_case_assignment_history,assigned_to_user_id,Accessi e permessi,application_users,id,internal_case_assignment_history.assigned_to_user_id collega a application_users (assigned_to_user)
Operazioni sul campo,internal_case_assignment_history,internal_case_id,Operazioni sul campo,internal_case,id,internal_case_assignment_history.internal_case_id collega a internal_case (internal_case)
Operazioni sul campo,internal_case_attachment,attachment_id,Operazioni sul campo,attachment,id,internal_case_attachment.attachment_id collega a attachment (attachment)
Operazioni sul campo,internal_case_attachment,internal_case_id,Operazioni sul campo,internal_case,id,internal_case_attachment.internal_case_id collega a internal_case (internal_case)
Operazioni sul campo,internal_case_attachment,uploaded_by_user_id,Accessi e permessi,application_users,id,internal_case_attachment.uploaded_by_user_id collega a application_users (uploaded_by_user)
Operazioni sul campo,internal_case_event,actor_user_id,Accessi e permessi,application_users,id,internal_case_event.actor_user_id collega a application_users (actor_user)
Operazioni sul campo,internal_case_event,internal_case_id,Operazioni sul campo,internal_case,id,internal_case_event.internal_case_id collega a internal_case (internal_case)
Operazioni sul campo,mobile_sync_event,operator_id,Operazioni sul campo,wc_operator,id,mobile_sync_event.operator_id collega a wc_operator (operator)
Rete e dispositivi,network_alerts,assigned_to_user_id,Accessi e permessi,application_users,id,network_alerts.assigned_to_user_id collega a application_users (assigned_to_user)
Rete e dispositivi,network_alerts,device_id,Rete e dispositivi,network_devices,id,network_alerts.device_id collega a network_devices (device)
Rete e dispositivi,network_alerts,scan_id,Rete e dispositivi,network_scans,id,network_alerts.scan_id collega a network_scans (scan)
Rete e dispositivi,network_devices,assigned_user_id,Accessi e permessi,application_users,id,network_devices.assigned_user_id collega a application_users (assigned_user)
Rete e dispositivi,network_devices,last_scan_id,Rete e dispositivi,network_scans,id,network_devices.last_scan_id collega a network_scans (last_scan)
Rete e dispositivi,network_firewall_events,device_id,Rete e dispositivi,network_devices,id,network_firewall_events.device_id collega a network_devices (device)
Rete e dispositivi,network_firewall_events,firewall_id,Rete e dispositivi,network_firewalls,id,network_firewall_events.firewall_id collega a network_firewalls (firewall)
Rete e dispositivi,network_firewall_hourly_rollups,device_id,Rete e dispositivi,network_devices,id,network_firewall_hourly_rollups.device_id collega a network_devices (device)
Rete e dispositivi,network_firewall_hourly_rollups,tracked_subject_id,Rete e dispositivi,network_tracked_subjects,id,network_firewall_hourly_rollups.tracked_subject_id collega a network_tracked_subjects (tracked_subject)
Rete e dispositivi,network_firewall_metrics,firewall_id,Rete e dispositivi,network_firewalls,id,network_firewall_metrics.firewall_id collega a network_firewalls (firewall)
Rete e dispositivi,network_scan_devices,device_id,Rete e dispositivi,network_devices,id,network_scan_devices.device_id collega a network_devices (device)
Rete e dispositivi,network_scan_devices,scan_id,Rete e dispositivi,network_scans,id,network_scan_devices.scan_id collega a network_scans (scan)
Rete e dispositivi,network_sophos_config,updated_by_user_id,Accessi e permessi,application_users,id,network_sophos_config.updated_by_user_id collega a application_users (updated_by_user)
Rete e dispositivi,network_tracked_subjects,created_by_user_id,Accessi e permessi,application_users,id,network_tracked_subjects.created_by_user_id collega a application_users (created_by_user)
Rete e dispositivi,network_tracked_subjects,device_id,Rete e dispositivi,network_devices,id,network_tracked_subjects.device_id collega a network_devices (device)
Operazioni sul campo,operator_activity,activity_catalog_id,Operazioni sul campo,activity_catalog,id,operator_activity.activity_catalog_id collega a activity_catalog (activity_catalog)
Operazioni sul campo,operator_activity,audio_note_attachment_id,Operazioni sul campo,attachment,id,operator_activity.audio_note_attachment_id collega a attachment (audio_note_attachment)
Operazioni sul campo,operator_activity,created_by_user_id,Accessi e permessi,application_users,id,operator_activity.created_by_user_id collega a application_users (created_by_user)
Operazioni sul campo,operator_activity,gps_track_summary_id,Operazioni sul campo,gps_track_summary,id,operator_activity.gps_track_summary_id collega a gps_track_summary (gps_track_summary)
Operazioni sul campo,operator_activity,operator_user_id,Accessi e permessi,application_users,id,operator_activity.operator_user_id collega a application_users (operator_user)
Operazioni sul campo,operator_activity,rectified_from_activity_id,Operazioni sul campo,operator_activity,id,operator_activity.rectified_from_activity_id collega a operator_activity (rectified_from_activity)
Operazioni sul campo,operator_activity,reviewed_by_user_id,Accessi e permessi,application_users,id,operator_activity.reviewed_by_user_id collega a application_users (reviewed_by_user)
Operazioni sul campo,operator_activity,team_id,Operazioni sul campo,team,id,operator_activity.team_id collega a team (team)
Operazioni sul campo,operator_activity,updated_by_user_id,Accessi e permessi,application_users,id,operator_activity.updated_by_user_id collega a application_users (updated_by_user)
Operazioni sul campo,operator_activity,vehicle_id,Operazioni sul campo,vehicle,id,operator_activity.vehicle_id collega a vehicle (vehicle)
Operazioni sul campo,operator_activity,vehicle_usage_session_id,Operazioni sul campo,vehicle_usage_session,id,operator_activity.vehicle_usage_session_id collega a vehicle_usage_session (vehicle_usage_session)
Operazioni sul campo,operator_activity_attachment,attachment_id,Operazioni sul campo,attachment,id,operator_activity_attachment.attachment_id collega a attachment (attachment)
Operazioni sul campo,operator_activity_attachment,operator_activity_id,Operazioni sul campo,operator_activity,id,operator_activity_attachment.operator_activity_id collega a operator_activity (operator_activity)
Operazioni sul campo,operator_activity_event,actor_user_id,Accessi e permessi,application_users,id,operator_activity_event.actor_user_id collega a application_users (actor_user)
Operazioni sul campo,operator_activity_event,operator_activity_id,Operazioni sul campo,operator_activity,id,operator_activity_event.operator_activity_id collega a operator_activity (operator_activity)
Accessi e permessi,operator_invitation,activated_user_id,Accessi e permessi,application_users,id,operator_invitation.activated_user_id collega a application_users (activated_user)
Accessi e permessi,operator_invitation,created_by_user_id,Accessi e permessi,application_users,id,operator_invitation.created_by_user_id collega a application_users (created_by_user)
Accessi e permessi,operator_invitation,wc_operator_id,Operazioni sul campo,wc_operator,id,operator_invitation.wc_operator_id collega a wc_operator (wc_operator)
Operazioni sul campo,operator_profile,user_id,Accessi e permessi,application_users,id,operator_profile.user_id collega a application_users (user)
Organigramma,org_assignment,created_by_user_id,Accessi e permessi,application_users,id,org_assignment.created_by_user_id collega a application_users (created_by_user)
Organigramma,org_assignment,manager_user_id,Accessi e permessi,application_users,id,org_assignment.manager_user_id collega a application_users (manager_user)
Organigramma,org_assignment,org_unit_id,Organigramma,org_unit,id,org_assignment.org_unit_id collega a org_unit (org_unit)
Organigramma,org_assignment,updated_by_user_id,Accessi e permessi,application_users,id,org_assignment.updated_by_user_id collega a application_users (updated_by_user)
Organigramma,org_assignment,user_id,Accessi e permessi,application_users,id,org_assignment.user_id collega a application_users (user)
Organigramma,org_assignment,wc_operator_id,Operazioni sul campo,wc_operator,id,org_assignment.wc_operator_id collega a wc_operator (wc_operator)
Organigramma,org_change_event,changed_by_user_id,Accessi e permessi,application_users,id,org_change_event.changed_by_user_id collega a application_users (changed_by_user)
Organigramma,org_change_event,draft_id,Organigramma,org_draft,id,org_change_event.draft_id collega a org_draft (draft)
Organigramma,org_draft,base_revision_id,Organigramma,org_revision,id,org_draft.base_revision_id collega a org_revision (base_revision)
Organigramma,org_draft,created_by_user_id,Accessi e permessi,application_users,id,org_draft.created_by_user_id collega a application_users (created_by_user)
Organigramma,org_draft,published_by_user_id,Accessi e permessi,application_users,id,org_draft.published_by_user_id collega a application_users (published_by_user)
Organigramma,org_draft,updated_by_user_id,Accessi e permessi,application_users,id,org_draft.updated_by_user_id collega a application_users (updated_by_user)
Organigramma,org_draft,working_revision_id,Organigramma,org_revision,id,org_draft.working_revision_id collega a org_revision (working_revision)
Organigramma,org_revision,created_by_user_id,Accessi e permessi,application_users,id,org_revision.created_by_user_id collega a application_users (created_by_user)
Organigramma,org_revision,published_by_user_id,Accessi e permessi,application_users,id,org_revision.published_by_user_id collega a application_users (published_by_user)
Organigramma,org_revision,source_revision_id,Organigramma,org_revision,id,org_revision.source_revision_id collega a org_revision (source_revision)
Organigramma,org_revision_assignment,manager_user_id,Accessi e permessi,application_users,id,org_revision_assignment.manager_user_id collega a application_users (manager_user)
Organigramma,org_revision_assignment,revision_id,Organigramma,org_revision,id,org_revision_assignment.revision_id collega a org_revision (revision)
Organigramma,org_revision_assignment,user_id,Accessi e permessi,application_users,id,org_revision_assignment.user_id collega a application_users (user)
Organigramma,org_revision_unit,revision_id,Organigramma,org_revision,id,org_revision_unit.revision_id collega a org_revision (revision)
Organigramma,org_source_link,created_by_user_id,Accessi e permessi,application_users,id,org_source_link.created_by_user_id collega a application_users (created_by_user)
Organigramma,org_source_link,org_assignment_id,Organigramma,org_assignment,id,org_source_link.org_assignment_id collega a org_assignment (org_assignment)
Organigramma,org_source_link,org_unit_id,Organigramma,org_unit,id,org_source_link.org_unit_id collega a org_unit (org_unit)
Organigramma,org_source_link,updated_by_user_id,Accessi e permessi,application_users,id,org_source_link.updated_by_user_id collega a application_users (updated_by_user)
Organigramma,org_source_link,wc_area_id,Operazioni sul campo,wc_area,id,org_source_link.wc_area_id collega a wc_area (wc_area)
Organigramma,org_source_link,wc_operator_id,Operazioni sul campo,wc_operator,id,org_source_link.wc_operator_id collega a wc_operator (wc_operator)
Organigramma,org_source_link,wc_org_chart_entry_id,Operazioni sul campo,wc_org_chart_entry,id,org_source_link.wc_org_chart_entry_id collega a wc_org_chart_entry (wc_org_chart_entry)
Organigramma,org_structure_assignment,application_user_id,Accessi e permessi,application_users,id,org_structure_assignment.application_user_id collega a application_users (application_user)
Organigramma,org_structure_assignment,manager_user_id,Accessi e permessi,application_users,id,org_structure_assignment.manager_user_id collega a application_users (manager_user)
Organigramma,org_structure_assignment,source_wc_operator_id,Operazioni sul campo,wc_operator,id,org_structure_assignment.source_wc_operator_id collega a wc_operator (source_wc_operator)
Organigramma,org_unit,created_by_user_id,Accessi e permessi,application_users,id,org_unit.created_by_user_id collega a application_users (created_by_user)
Organigramma,org_unit,legacy_team_id,Operazioni sul campo,team,id,org_unit.legacy_team_id collega a team (legacy_team)
Organigramma,org_unit,parent_id,Organigramma,org_unit,id,org_unit.parent_id collega a org_unit (parent)
Organigramma,org_unit,updated_by_user_id,Accessi e permessi,application_users,id,org_unit.updated_by_user_id collega a application_users (updated_by_user)
Organigramma,org_unit,wc_area_id,Operazioni sul campo,wc_area,id,org_unit.wc_area_id collega a wc_area (wc_area)
Organigramma,org_visibility_override,created_by_user_id,Accessi e permessi,application_users,id,org_visibility_override.created_by_user_id collega a application_users (created_by_user)
Organigramma,org_visibility_override,target_org_unit_id,Organigramma,org_unit,id,org_visibility_override.target_org_unit_id collega a org_unit (target_org_unit)
Organigramma,org_visibility_override,target_user_id,Accessi e permessi,application_users,id,org_visibility_override.target_user_id collega a application_users (target_user)
Organigramma,org_visibility_override,updated_by_user_id,Accessi e permessi,application_users,id,org_visibility_override.updated_by_user_id collega a application_users (updated_by_user)
Organigramma,org_visibility_override,viewer_user_id,Accessi e permessi,application_users,id,org_visibility_override.viewer_user_id collega a application_users (viewer_user)
Presenze,organization_team_memberships,collaborator_id,Presenze,presenze_collaborators,id,organization_team_memberships.collaborator_id collega a presenze_collaborators (collaborator)
Presenze,organization_team_memberships,created_by_user_id,Accessi e permessi,application_users,id,organization_team_memberships.created_by_user_id collega a application_users (created_by_user)
Presenze,organization_team_memberships,team_id,Presenze,organization_teams,id,organization_team_memberships.team_id collega a organization_teams (team)
Presenze,organization_team_supervisor_assignments,application_user_id,Accessi e permessi,application_users,id,organization_team_supervisor_assignments.application_user_id collega a application_users (application_user)
Presenze,organization_team_supervisor_assignments,assigned_by_user_id,Accessi e permessi,application_users,id,organization_team_supervisor_assignments.assigned_by_user_id collega a application_users (assigned_by_user)
Presenze,organization_team_supervisor_assignments,team_id,Presenze,organization_teams,id,organization_team_supervisor_assignments.team_id collega a organization_teams (team)
Presenze,organization_teams,created_by_user_id,Accessi e permessi,application_users,id,organization_teams.created_by_user_id collega a application_users (created_by_user)
Accessi e permessi,permission_entries,share_id,Sincronizzazioni e audit,shares,id,permission_entries.share_id collega a shares (share)
Accessi e permessi,permission_entries,snapshot_id,Sincronizzazioni e audit,snapshots,id,permission_entries.snapshot_id collega a snapshots (snapshot)
Presenze,presenze_auto_sync_config,credential_id,Presenze,presenze_credentials,id,presenze_auto_sync_config.credential_id collega a presenze_credentials (credential)
Presenze,presenze_auto_sync_config,updated_by_user_id,Accessi e permessi,application_users,id,presenze_auto_sync_config.updated_by_user_id collega a application_users (updated_by_user)
Presenze,presenze_bank_hours_adjustments,collaborator_id,Presenze,presenze_collaborators,id,presenze_bank_hours_adjustments.collaborator_id collega a presenze_collaborators (collaborator)
Presenze,presenze_bank_hours_adjustments,created_by_user_id,Accessi e permessi,application_users,id,presenze_bank_hours_adjustments.created_by_user_id collega a application_users (created_by_user)
Presenze,presenze_bank_hours_adjustments,reviewed_by_user_id,Accessi e permessi,application_users,id,presenze_bank_hours_adjustments.reviewed_by_user_id collega a application_users (reviewed_by_user)
Presenze,presenze_bank_hours_adjustments,updated_by_user_id,Accessi e permessi,application_users,id,presenze_bank_hours_adjustments.updated_by_user_id collega a application_users (updated_by_user)
Presenze,presenze_bank_hours_guidance_config,updated_by_user_id,Accessi e permessi,application_users,id,presenze_bank_hours_guidance_config.updated_by_user_id collega a application_users (updated_by_user)
Presenze,presenze_bank_hours_guidance_config_revisions,changed_by_user_id,Accessi e permessi,application_users,id,presenze_bank_hours_guidance_config_revisions.changed_by_user_id collega a application_users (changed_by_user)
Presenze,presenze_bank_hours_guidance_config_revisions,config_id,Presenze,presenze_bank_hours_guidance_config,id,presenze_bank_hours_guidance_config_revisions.config_id collega a presenze_bank_hours_guidance_config (config)
Presenze,presenze_collaborator_schedule_assignments,collaborator_id,Presenze,presenze_collaborators,id,presenze_collaborator_schedule_assignments.collaborator_id collega a presenze_collaborators (collaborator)
Presenze,presenze_collaborator_schedule_assignments,template_id,Presenze,presenze_schedule_templates,id,presenze_collaborator_schedule_assignments.template_id collega a presenze_schedule_templates (template)
Presenze,presenze_collaborators,application_user_id,Accessi e permessi,application_users,id,presenze_collaborators.application_user_id collega a application_users (application_user)
Presenze,presenze_collaborators,owner_user_id,Accessi e permessi,application_users,id,presenze_collaborators.owner_user_id collega a application_users (owner_user)
Presenze,presenze_credentials,application_user_id,Accessi e permessi,application_users,id,presenze_credentials.application_user_id collega a application_users (application_user)
Presenze,presenze_daily_punches,daily_record_id,Presenze,presenze_daily_records,id,presenze_daily_punches.daily_record_id collega a presenze_daily_records (daily_record)
Presenze,presenze_daily_records,application_user_id,Accessi e permessi,application_users,id,presenze_daily_records.application_user_id collega a application_users (application_user)
Presenze,presenze_daily_records,collaborator_id,Presenze,presenze_collaborators,id,presenze_daily_records.collaborator_id collega a presenze_collaborators (collaborator)
Presenze,presenze_daily_records,owner_user_id,Accessi e permessi,application_users,id,presenze_daily_records.owner_user_id collega a application_users (owner_user)
Presenze,presenze_daily_records,source_job_id,Presenze,presenze_import_jobs,id,presenze_daily_records.source_job_id collega a presenze_import_jobs (source_job)
Presenze,presenze_daily_records,validated_by_user_id,Accessi e permessi,application_users,id,presenze_daily_records.validated_by_user_id collega a application_users (validated_by_user)
Presenze,presenze_event_summaries,application_user_id,Accessi e permessi,application_users,id,presenze_event_summaries.application_user_id collega a application_users (application_user)
Presenze,presenze_event_summaries,collaborator_id,Presenze,presenze_collaborators,id,presenze_event_summaries.collaborator_id collega a presenze_collaborators (collaborator)
Presenze,presenze_event_summaries,owner_user_id,Accessi e permessi,application_users,id,presenze_event_summaries.owner_user_id collega a application_users (owner_user)
Presenze,presenze_event_summaries,source_job_id,Presenze,presenze_import_jobs,id,presenze_event_summaries.source_job_id collega a presenze_import_jobs (source_job)
Presenze,presenze_import_jobs,requested_by_user_id,Accessi e permessi,application_users,id,presenze_import_jobs.requested_by_user_id collega a application_users (requested_by_user)
Presenze,presenze_import_jobs,target_user_id,Accessi e permessi,application_users,id,presenze_import_jobs.target_user_id collega a application_users (target_user)
Presenze,presenze_recovery_adjustments,collaborator_id,Presenze,presenze_collaborators,id,presenze_recovery_adjustments.collaborator_id collega a presenze_collaborators (collaborator)
Presenze,presenze_recovery_adjustments,created_by_user_id,Accessi e permessi,application_users,id,presenze_recovery_adjustments.created_by_user_id collega a application_users (created_by_user)
Presenze,presenze_recovery_adjustments,reviewed_by_user_id,Accessi e permessi,application_users,id,presenze_recovery_adjustments.reviewed_by_user_id collega a application_users (reviewed_by_user)
Presenze,presenze_recovery_adjustments,updated_by_user_id,Accessi e permessi,application_users,id,presenze_recovery_adjustments.updated_by_user_id collega a application_users (updated_by_user)
Presenze,presenze_schedule_rules,template_id,Presenze,presenze_schedule_templates,id,presenze_schedule_rules.template_id collega a presenze_schedule_templates (template)
Presenze,presenze_supervisor_assignments,assigned_by_user_id,Accessi e permessi,application_users,id,presenze_supervisor_assignments.assigned_by_user_id collega a application_users (assigned_by_user)
Presenze,presenze_supervisor_assignments,collaborator_id,Presenze,presenze_collaborators,id,presenze_supervisor_assignments.collaborator_id collega a presenze_collaborators (collaborator)
Presenze,presenze_supervisor_assignments,supervisor_user_id,Accessi e permessi,application_users,id,presenze_supervisor_assignments.supervisor_user_id collega a application_users (supervisor_user)
Presenze,presenze_sync_jobs,credential_id,Presenze,presenze_credentials,id,presenze_sync_jobs.credential_id collega a presenze_credentials (credential)
Presenze,presenze_sync_jobs,import_job_id,Presenze,presenze_import_jobs,id,presenze_sync_jobs.import_job_id collega a presenze_import_jobs (import_job)
Presenze,presenze_sync_jobs,requested_by_user_id,Accessi e permessi,application_users,id,presenze_sync_jobs.requested_by_user_id collega a application_users (requested_by_user)
Sincronizzazioni e audit,reviews,nas_user_id,Accessi e permessi,nas_users,id,reviews.nas_user_id collega a nas_users (nas_user)
Sincronizzazioni e audit,reviews,reviewer_user_id,Accessi e permessi,application_users,id,reviews.reviewer_user_id collega a application_users (reviewer_user)
Sincronizzazioni e audit,reviews,share_id,Sincronizzazioni e audit,shares,id,reviews.share_id collega a shares (share)
Sincronizzazioni e audit,reviews,snapshot_id,Sincronizzazioni e audit,snapshots,id,reviews.snapshot_id collega a snapshots (snapshot)
Riordino fondiario,riordino_appeals,appellant_subject_id,Utenze e anagrafiche,ana_subjects,id,riordino_appeals.appellant_subject_id collega a ana_subjects (appellant_subject)
Riordino fondiario,riordino_appeals,created_by,Accessi e permessi,application_users,id,riordino_appeals.created_by collega a application_users (created_by)
Riordino fondiario,riordino_appeals,phase_id,Riordino fondiario,riordino_phases,id,riordino_appeals.phase_id collega a riordino_phases (phase)
Riordino fondiario,riordino_appeals,practice_id,Riordino fondiario,riordino_practices,id,riordino_appeals.practice_id collega a riordino_practices (practice)
Riordino fondiario,riordino_appeals,step_id,Riordino fondiario,riordino_steps,id,riordino_appeals.step_id collega a riordino_steps (step)
Riordino fondiario,riordino_checklist_items,checked_by,Accessi e permessi,application_users,id,riordino_checklist_items.checked_by collega a application_users (checked_by)
Riordino fondiario,riordino_checklist_items,step_id,Riordino fondiario,riordino_steps,id,riordino_checklist_items.step_id collega a riordino_steps (step)
Riordino fondiario,riordino_documents,appeal_id,Riordino fondiario,riordino_appeals,id,riordino_documents.appeal_id collega a riordino_appeals (appeal)
Riordino fondiario,riordino_documents,issue_id,Riordino fondiario,riordino_issues,id,riordino_documents.issue_id collega a riordino_issues (issue)
Riordino fondiario,riordino_documents,phase_id,Riordino fondiario,riordino_phases,id,riordino_documents.phase_id collega a riordino_phases (phase)
Riordino fondiario,riordino_documents,practice_id,Riordino fondiario,riordino_practices,id,riordino_documents.practice_id collega a riordino_practices (practice)
Riordino fondiario,riordino_documents,step_id,Riordino fondiario,riordino_steps,id,riordino_documents.step_id collega a riordino_steps (step)
Riordino fondiario,riordino_documents,uploaded_by,Accessi e permessi,application_users,id,riordino_documents.uploaded_by collega a application_users (uploaded_by)
Riordino fondiario,riordino_events,created_by,Accessi e permessi,application_users,id,riordino_events.created_by collega a application_users (created_by)
Riordino fondiario,riordino_events,phase_id,Riordino fondiario,riordino_phases,id,riordino_events.phase_id collega a riordino_phases (phase)
Riordino fondiario,riordino_events,practice_id,Riordino fondiario,riordino_practices,id,riordino_events.practice_id collega a riordino_practices (practice)
Riordino fondiario,riordino_events,step_id,Riordino fondiario,riordino_steps,id,riordino_events.step_id collega a riordino_steps (step)
Riordino fondiario,riordino_gis_links,practice_id,Riordino fondiario,riordino_practices,id,riordino_gis_links.practice_id collega a riordino_practices (practice)
Riordino fondiario,riordino_issues,assigned_to,Accessi e permessi,application_users,id,riordino_issues.assigned_to collega a application_users (assigned_to)
Riordino fondiario,riordino_issues,opened_by,Accessi e permessi,application_users,id,riordino_issues.opened_by collega a application_users (opened_by)
Riordino fondiario,riordino_issues,phase_id,Riordino fondiario,riordino_phases,id,riordino_issues.phase_id collega a riordino_phases (phase)
Riordino fondiario,riordino_issues,practice_id,Riordino fondiario,riordino_practices,id,riordino_issues.practice_id collega a riordino_practices (practice)
Riordino fondiario,riordino_issues,step_id,Riordino fondiario,riordino_steps,id,riordino_issues.step_id collega a riordino_steps (step)
Riordino fondiario,riordino_notifications,practice_id,Riordino fondiario,riordino_practices,id,riordino_notifications.practice_id collega a riordino_practices (practice)
Riordino fondiario,riordino_notifications,user_id,Accessi e permessi,application_users,id,riordino_notifications.user_id collega a application_users (user)
Riordino fondiario,riordino_parcel_links,practice_id,Riordino fondiario,riordino_practices,id,riordino_parcel_links.practice_id collega a riordino_practices (practice)
Riordino fondiario,riordino_parcel_links,title_holder_subject_id,Utenze e anagrafiche,ana_subjects,id,riordino_parcel_links.title_holder_subject_id collega a ana_subjects (title_holder_subject)
Riordino fondiario,riordino_party_links,practice_id,Riordino fondiario,riordino_practices,id,riordino_party_links.practice_id collega a riordino_practices (practice)
Riordino fondiario,riordino_party_links,subject_id,Utenze e anagrafiche,ana_subjects,id,riordino_party_links.subject_id collega a ana_subjects (subject)
Riordino fondiario,riordino_phases,approved_by,Accessi e permessi,application_users,id,riordino_phases.approved_by collega a application_users (approved_by)
Riordino fondiario,riordino_phases,practice_id,Riordino fondiario,riordino_practices,id,riordino_phases.practice_id collega a riordino_practices (practice)
Riordino fondiario,riordino_practices,created_by,Accessi e permessi,application_users,id,riordino_practices.created_by collega a application_users (created_by)
Riordino fondiario,riordino_practices,owner_user_id,Accessi e permessi,application_users,id,riordino_practices.owner_user_id collega a application_users (owner_user)
Riordino fondiario,riordino_steps,owner_user_id,Accessi e permessi,application_users,id,riordino_steps.owner_user_id collega a application_users (owner_user)
Riordino fondiario,riordino_steps,phase_id,Riordino fondiario,riordino_phases,id,riordino_steps.phase_id collega a riordino_phases (phase)
Riordino fondiario,riordino_steps,practice_id,Riordino fondiario,riordino_practices,id,riordino_steps.practice_id collega a riordino_practices (practice)
Riordino fondiario,riordino_steps,template_id,Riordino fondiario,riordino_step_templates,id,riordino_steps.template_id collega a riordino_step_templates (template)
Riordino fondiario,riordino_tasks,owner_user_id,Accessi e permessi,application_users,id,riordino_tasks.owner_user_id collega a application_users (owner_user)
Riordino fondiario,riordino_tasks,practice_id,Riordino fondiario,riordino_practices,id,riordino_tasks.practice_id collega a riordino_practices (practice)
Riordino fondiario,riordino_tasks,step_id,Riordino fondiario,riordino_steps,id,riordino_tasks.step_id collega a riordino_steps (step)
Accessi e permessi,role_section_permissions,section_id,Accessi e permessi,sections,id,role_section_permissions.section_id collega a sections (section)
Accessi e permessi,role_section_permissions,updated_by_id,Accessi e permessi,application_users,id,role_section_permissions.updated_by_id collega a application_users (updated_by)
Ruolo e incassi,ruolo_avvisi,import_job_id,Ruolo e incassi,ruolo_import_jobs,id,ruolo_avvisi.import_job_id collega a ruolo_import_jobs (import_job)
Ruolo e incassi,ruolo_avvisi,subject_id,Utenze e anagrafiche,ana_subjects,id,ruolo_avvisi.subject_id collega a ana_subjects (subject)
Ruolo e incassi,ruolo_import_jobs,triggered_by,Accessi e permessi,application_users,id,ruolo_import_jobs.triggered_by collega a application_users (triggered_by)
Ruolo e incassi,ruolo_particelle,ade_scan_document_id,Catasto e GIS catastale,catasto_documents,id,ruolo_particelle.ade_scan_document_id collega a catasto_documents (ade_scan_document)
Ruolo e incassi,ruolo_particelle,ade_scan_request_id,Catasto e GIS catastale,catasto_visure_requests,id,ruolo_particelle.ade_scan_request_id collega a catasto_visure_requests (ade_scan_request)
Ruolo e incassi,ruolo_particelle,cat_particella_id,Catasto e GIS catastale,cat_particelle,id,ruolo_particelle.cat_particella_id collega a cat_particelle (cat_particella)
Ruolo e incassi,ruolo_particelle,catasto_parcel_id,Catasto e GIS catastale,catasto_parcels,id,ruolo_particelle.catasto_parcel_id collega a catasto_parcels (catasto_parcel)
Ruolo e incassi,ruolo_particelle,partita_id,Ruolo e incassi,ruolo_partite,id,ruolo_particelle.partita_id collega a ruolo_partite (partita)
Ruolo e incassi,ruolo_partite,avviso_id,Ruolo e incassi,ruolo_avvisi,id,ruolo_partite.avviso_id collega a ruolo_avvisi (avviso)
Sincronizzazioni e audit,shares,parent_id,Sincronizzazioni e audit,shares,id,shares.parent_id collega a shares (parent)
Inventario e magazzino,storage_quota_alert,metric_id,Inventario e magazzino,storage_quota_metric,id,storage_quota_alert.metric_id collega a storage_quota_metric (metric)
Sincronizzazioni e audit,sync_jobs,requested_by_user_id,Accessi e permessi,application_users,id,sync_jobs.requested_by_user_id collega a application_users (requested_by_user)
Sincronizzazioni e audit,sync_jobs,snapshot_id,Sincronizzazioni e audit,snapshots,id,sync_jobs.snapshot_id collega a snapshots (snapshot)
Sincronizzazioni e audit,sync_runs,snapshot_id,Sincronizzazioni e audit,snapshots,id,sync_runs.snapshot_id collega a snapshots (snapshot)
Operazioni sul campo,team,created_by_user_id,Accessi e permessi,application_users,id,team.created_by_user_id collega a application_users (created_by_user)
Operazioni sul campo,team,supervisor_user_id,Accessi e permessi,application_users,id,team.supervisor_user_id collega a application_users (supervisor_user)
Operazioni sul campo,team,updated_by_user_id,Accessi e permessi,application_users,id,team.updated_by_user_id collega a application_users (updated_by_user)
Operazioni sul campo,team_membership,team_id,Operazioni sul campo,team,id,team_membership.team_id collega a team (team)
Operazioni sul campo,team_membership,user_id,Accessi e permessi,application_users,id,team_membership.user_id collega a application_users (user)
Accessi e permessi,user_presence,user_id,Accessi e permessi,application_users,id,user_presence.user_id collega a application_users (user)
Accessi e permessi,user_section_permissions,granted_by_id,Accessi e permessi,application_users,id,user_section_permissions.granted_by_id collega a application_users (granted_by)
Accessi e permessi,user_section_permissions,section_id,Accessi e permessi,sections,id,user_section_permissions.section_id collega a sections (section)
Accessi e permessi,user_section_permissions,user_id,Accessi e permessi,application_users,id,user_section_permissions.user_id collega a application_users (user)
Operazioni sul campo,vehicle,created_by_user_id,Accessi e permessi,application_users,id,vehicle.created_by_user_id collega a application_users (created_by_user)
Operazioni sul campo,vehicle,updated_by_user_id,Accessi e permessi,application_users,id,vehicle.updated_by_user_id collega a application_users (updated_by_user)
Operazioni sul campo,vehicle_assignment,assigned_by_user_id,Accessi e permessi,application_users,id,vehicle_assignment.assigned_by_user_id collega a application_users (assigned_by_user)
Operazioni sul campo,vehicle_assignment,operator_user_id,Accessi e permessi,application_users,id,vehicle_assignment.operator_user_id collega a application_users (operator_user)
Operazioni sul campo,vehicle_assignment,team_id,Operazioni sul campo,team,id,vehicle_assignment.team_id collega a team (team)
Operazioni sul campo,vehicle_assignment,vehicle_id,Operazioni sul campo,vehicle,id,vehicle_assignment.vehicle_id collega a vehicle (vehicle)
Operazioni sul campo,vehicle_document,attachment_id,Operazioni sul campo,attachment,id,vehicle_document.attachment_id collega a attachment (attachment)
Operazioni sul campo,vehicle_document,vehicle_id,Operazioni sul campo,vehicle,id,vehicle_document.vehicle_id collega a vehicle (vehicle)
Operazioni sul campo,vehicle_fuel_log,receipt_attachment_id,Operazioni sul campo,attachment,id,vehicle_fuel_log.receipt_attachment_id collega a attachment (receipt_attachment)
Operazioni sul campo,vehicle_fuel_log,recorded_by_user_id,Accessi e permessi,application_users,id,vehicle_fuel_log.recorded_by_user_id collega a application_users (recorded_by_user)
Operazioni sul campo,vehicle_fuel_log,usage_session_id,Operazioni sul campo,vehicle_usage_session,id,vehicle_fuel_log.usage_session_id collega a vehicle_usage_session (usage_session)
Operazioni sul campo,vehicle_fuel_log,vehicle_id,Operazioni sul campo,vehicle,id,vehicle_fuel_log.vehicle_id collega a vehicle (vehicle)
Operazioni sul campo,vehicle_fuel_log,wc_operator_id,Operazioni sul campo,wc_operator,id,vehicle_fuel_log.wc_operator_id collega a wc_operator (wc_operator)
Operazioni sul campo,vehicle_maintenance,created_by_user_id,Accessi e permessi,application_users,id,vehicle_maintenance.created_by_user_id collega a application_users (created_by_user)
Operazioni sul campo,vehicle_maintenance,maintenance_type_id,Operazioni sul campo,vehicle_maintenance_type,id,vehicle_maintenance.maintenance_type_id collega a vehicle_maintenance_type (maintenance_type)
Operazioni sul campo,vehicle_maintenance,updated_by_user_id,Accessi e permessi,application_users,id,vehicle_maintenance.updated_by_user_id collega a application_users (updated_by_user)
Operazioni sul campo,vehicle_maintenance,vehicle_id,Operazioni sul campo,vehicle,id,vehicle_maintenance.vehicle_id collega a vehicle (vehicle)
Operazioni sul campo,vehicle_odometer_reading,recorded_by_user_id,Accessi e permessi,application_users,id,vehicle_odometer_reading.recorded_by_user_id collega a application_users (recorded_by_user)
Operazioni sul campo,vehicle_odometer_reading,usage_session_id,Operazioni sul campo,vehicle_usage_session,id,vehicle_odometer_reading.usage_session_id collega a vehicle_usage_session (usage_session)
Operazioni sul campo,vehicle_odometer_reading,vehicle_id,Operazioni sul campo,vehicle,id,vehicle_odometer_reading.vehicle_id collega a vehicle (vehicle)
Operazioni sul campo,vehicle_usage_session,actual_driver_user_id,Accessi e permessi,application_users,id,vehicle_usage_session.actual_driver_user_id collega a application_users (actual_driver_user)
Operazioni sul campo,vehicle_usage_session,related_assignment_id,Operazioni sul campo,vehicle_assignment,id,vehicle_usage_session.related_assignment_id collega a vehicle_assignment (related_assignment)
Operazioni sul campo,vehicle_usage_session,started_by_user_id,Accessi e permessi,application_users,id,vehicle_usage_session.started_by_user_id collega a application_users (started_by_user)
Operazioni sul campo,vehicle_usage_session,team_id,Operazioni sul campo,team,id,vehicle_usage_session.team_id collega a team (team)
Operazioni sul campo,vehicle_usage_session,validated_by_user_id,Accessi e permessi,application_users,id,vehicle_usage_session.validated_by_user_id collega a application_users (validated_by_user)
Operazioni sul campo,vehicle_usage_session,vehicle_id,Operazioni sul campo,vehicle,id,vehicle_usage_session.vehicle_id collega a vehicle (vehicle)
Inventario e magazzino,warehouse_request,field_report_id,Operazioni sul campo,field_report,id,warehouse_request.field_report_id collega a field_report (field_report)
Operazioni sul campo,wc_operator,gaia_user_id,Accessi e permessi,application_users,id,wc_operator.gaia_user_id collega a application_users (gaia_user)
Operazioni sul campo,wc_org_chart_entry,org_chart_id,Operazioni sul campo,wc_org_chart,id,wc_org_chart_entry.org_chart_id collega a wc_org_chart (org_chart)
Operazioni sul campo,wc_org_chart_entry,wc_area_id,Operazioni sul campo,wc_area,id,wc_org_chart_entry.wc_area_id collega a wc_area (wc_area)
Operazioni sul campo,wc_org_chart_entry,wc_operator_id,Operazioni sul campo,wc_operator,id,wc_org_chart_entry.wc_operator_id collega a wc_operator (wc_operator)
Operazioni sul campo,wc_refuel_event,matched_fuel_card_id,Operazioni sul campo,fuel_card,id,wc_refuel_event.matched_fuel_card_id collega a fuel_card (matched_fuel_card)
Operazioni sul campo,wc_refuel_event,matched_fuel_log_id,Operazioni sul campo,vehicle_fuel_log,id,wc_refuel_event.matched_fuel_log_id collega a vehicle_fuel_log (matched_fuel_log)
Operazioni sul campo,wc_refuel_event,vehicle_id,Operazioni sul campo,vehicle,id,wc_refuel_event.vehicle_id collega a vehicle (vehicle)
Operazioni sul campo,wc_refuel_event,wc_operator_id,Operazioni sul campo,wc_operator,id,wc_refuel_event.wc_operator_id collega a wc_operator (wc_operator)
Operazioni sul campo,wc_sync_job,triggered_by,Accessi e permessi,application_users,id,wc_sync_job.triggered_by collega a application_users (triggered_by)
Wiki e assistente,wiki_conversation_events,conversation_id,Wiki e assistente,wiki_conversations,id,wiki_conversation_events.conversation_id collega a wiki_conversations (conversation)
Wiki e assistente,wiki_conversation_messages,conversation_id,Wiki e assistente,wiki_conversations,id,wiki_conversation_messages.conversation_id collega a wiki_conversations (conversation)
Wiki e assistente,wiki_conversation_metrics_backfill_jobs,parent_job_id,Wiki e assistente,wiki_conversation_metrics_backfill_jobs,id,wiki_conversation_metrics_backfill_jobs.parent_job_id collega a wiki_conversation_metrics_backfill_jobs (parent_job)
Wiki e assistente,wiki_request_artifacts,request_id,Wiki e assistente,wiki_requests,id,wiki_request_artifacts.request_id collega a wiki_requests (request)
Wiki e assistente,wiki_request_events,request_id,Wiki e assistente,wiki_requests,id,wiki_request_events.request_id collega a wiki_requests (request)
Wiki e assistente,wiki_requests,canonical_request_id,Wiki e assistente,wiki_requests,id,wiki_requests.canonical_request_id collega a wiki_requests (canonical_request)
